model_id,learning_rate,weight_decay,epochs,val_accuracy,val_precision,val_recall,val_f1,val_loss,output_dir
Model_LR_1e-05_WD_0.01,1e-05,0.01,2,0.713,0.7084311322233372,0.7129424880033121,0.7039606934091024,0.9344850778579712,./results_Model_LR_1e-05_WD_0.01
Model_LR_2e-05_WD_0.01,2e-05,0.01,2,0.736,0.7368574812365827,0.7364612896334951,0.7326907263324959,0.9598795175552368,./results_Model_LR_2e-05_WD_0.01
Model_LR_3e-05_WD_0.1,3e-05,0.1,2,0.743,0.7499992112351662,0.7438269819549396,0.7406325199472578,1.3645719289779663,./results_Model_LR_3e-05_WD_0.1
Model_LR_2e-05_WD_0.01,2e-05,0.01,3,0.737,0.7387583831067269,0.737471390643596,0.7338448511457983,0.9630952477455139,./results_Model_LR_2e-05_WD_0.01
Model_LR_5e-05_WD_0.01,5e-05,0.01,2,0.726,0.7304453719668652,0.726783245658737,0.7219866874202735,1.1362836360931396,./results_Model_LR_5e-05_WD_0.01
Model_LR_5e-06_WD_0.1,5e-06,0.1,3,0.645,0.6327316252587992,0.6449528571818228,0.6275806069914464,0.9447102546691895,./results_Model_LR_5e-06_WD_0.1
